{
  "accuracy_mean": 0.914596670934699,
  "accuracy_std": 0.022201575836737254,
  "per_fold_accuracy": [
    0.8881118881118881,
    0.9440559440559441,
    0.9366197183098591,
    0.8951048951048951,
    0.9090909090909091
  ],
  "auc_roc_mean": 0.9685757663389241,
  "auc_roc_std": 0.0070801844901122405,
  "per_fold_auc_roc": [
    0.9566416040100251,
    0.9716791979949875,
    0.9759615384615384,
    0.9646616541353384,
    0.9739348370927317
  ],
  "per_class_f1": {
    "non_periodontal": {
      "f1_mean": 0.8506926402317699,
      "f1_std": 0.036316536785523164
    },
    "periodontal": {
      "f1_mean": 0.9401391727035291,
      "f1_std": 0.016055364270476623
    }
  }
}