{
  "accuracy_mean": 0.6984752090015248,
  "accuracy_std": 0.012932332259330177,
  "per_fold_accuracy": [
    0.6766917293233082,
    0.7045454545454546,
    0.6923076923076923,
    0.7045454545454546,
    0.7142857142857143
  ],
  "auc_roc_mean": 0.8979616633008229,
  "auc_roc_std": 0.01875416556076356,
  "per_fold_auc_roc": [
    0.8997192742530307,
    0.8655944720567628,
    0.8950337972232072,
    0.9230043459323045,
    0.9064564270388089
  ],
  "per_class_f1": {
    "stage_1": {
      "f1_mean": 0.7381697873165065,
      "f1_std": 0.04809745254289759
    },
    "stage_2": {
      "f1_mean": 0.7688324637115092,
      "f1_std": 0.019992383817630584
    },
    "stage_3": {
      "f1_mean": 0.5137184798779265,
      "f1_std": 0.06384524180279254
    },
    "stage_4": {
      "f1_mean": 0.6568189878723395,
      "f1_std": 0.08813023203779871
    }
  }
}